spnum,spcode,family,genus,species,variety,subspecies,spname,binomia_auth,trinomial_auth
1,acalgrac,Euphorbiaceae,Acalypha,gracilens,,,Acalypha gracilens,A. Gray,
2,acalvirg,Euphorbiaceae,Acalypha,virginica,,,Acalypha virginica,L.,
3,achimill,Asteraceae,Achillea,millefolium,,,Achillea millefolium,L.,
4,aegicyli,Poaceae,Aegilops,cylindrica,,,Aegilops cylindrica,Host,
5,agalhete,Scrophulariaceae,Agalinis,heterophylla,,,Agalinis heterophylla,(Nutt.) Small ex Britton,
6,agriparv,Rosaceae,Agrimonia,parviflora,,,Agrimonia parviflora,Aiton,
7,agroelli,Poaceae,Agrostis,elliottiana,,,Agrostis elliottiana,Schult.,
8,agrohyem,Poaceae,Agrostis,hyemalis,,,Agrostis hyemalis,"(Walter) Britton, Sterns & Poggenb.",
9,allicana,Liliaceae,Allium,canadense,,,Allium canadense,L.,
10,alopcaro,Poaceae,Alopecurus,carolinianus,,,Alopecurus carolinianus,Walter,
11,ambrarte,Asteraceae,Ambrosia,artemisiifolia,,,Ambrosia artemisiifolia,L.,
12,ambrbide,Asteraceae,Ambrosia,bidentata,,,Ambrosia bidentata,Michx.,
13,ambrpsil,Asteraceae,Ambrosia,psilostachya,,,Ambrosia psilostachya,DC.,
14,ambrtrif,Asteraceae,Ambrosia,trifida,,,Ambrosia trifida,L.,
15,amorcane,Fabaceae,Amorpha,canescens,,,Amorpha canescens,Pursh,
16,amorfrut,Fabaceae,Amorpha,fruticosa,,,Amorpha fruticosa,L.,
17,amphdrac,Asteraceae,Amphiachyris,dracunculoides,,,Amphiachyris dracunculoides,(DC.) Nutt.,
18,anagmini,Primulaceae,Anagallis,minima,,,Anagallis minima,(L.) Krause,
19,andrgera,Poaceae,Andropogon,gerardii,,,Andropogon gerardii,Vitman,
20,andrvirg,Poaceae,Andropogon,virginicus,,,Andropogon virginicus,L.,
21,anemcaro,Ranunculaceae,Anemone,caroliniana,,,Anemone caroliniana,Walter,
22,antenegl,Asteraceae,Antennaria,neglecta,,,Antennaria neglecta,Greene,
23,apoccann,Apocynaceae,Apocynum,cannabinum,,,Apocynum cannabinum,L.,
24,arenserp,Caryophyllaceae,Arenaria,serpyllifolia,,,Arenaria serpyllifolia,L.,
25,arisolig,Poaceae,Aristida,oligantha,,,Aristida oligantha,Michx.,
26,arispurp,Poaceae,Aristida,purpurascens,,,Aristida purpurascens,Poir.,
27,arnoplan,Asteraceae,Arnoglossum,plantagineum,,,Arnoglossum plantagineum,Raf.,
28,arteludo,Asteraceae,Artemisia,ludoviciana,,,Artemisia ludoviciana,Nutt.,
29,asclsten,Asclepiadaceae,Asclepias,stenophylla,,,Asclepias stenophylla,A. Gray,
30,ascltube,Asclepiadaceae,Asclepias,tuberosa,,,Asclepias tuberosa,L.,
31,asclvert,Asclepiadaceae,Asclepias,verticillata,,,Asclepias verticillata,L.,
32,asclviri,Asclepiadaceae,Asclepias,viridis,,,Asclepias viridis,Walter,
33,asteeric,Asteraceae,Symphyotrichum,ericoides,,,Symphyotrichum ericoides,(L.) G.L. Nesom,
34,asteoole,Asteraceae,Symphyotrichum,oolentangiense,,,Symphyotrichum oolentangiense,(Riddell) G.L. Nesom,
35,astepate,Asteraceae,Symphyotrichum,patens,,,Symphyotrichum patens,(Aiton) G.L. Nesom,
36,astepilo,Asteraceae,Symphyotrichum,pilosum,,,Symphyotrichum pilosum,(Willd.) G.L. Nesom,
37,asteprae,Asteraceae,Symphyotrichum,praealtum,,,Symphyotrichum praealtum,(Poir.) G.L. Nesom,
38,astrcras,Fabaceae,Astragalus,crassicarpus,,,Astragalus crassicarpus,Nutt.,
39,astrnutt,Fabaceae,Astragalus,nuttallianus,,,Astragalus nuttallianus,DC.,
40,baptalba,Fabaceae,Baptisia,alba,,,Baptisia alba,(L.) Vent.,
41,baptaust,Fabaceae,Baptisia,australis,,,Baptisia australis,(L.) R. Br.,
42,baptbrac,Fabaceae,Baptisia,bracteata,,,Baptisia bracteata,Muhl. ex Elliot,
43,bidefron,Asteraceae,Bidens,frondosa,,,Bidens frondosa,L.,
44,bothsacc,Poaceae,Bothriochloa,laguroides,,torreyana,Bothriochloa laguroides ssp. torreyana,(DC.) Herter,(Steud.) Allred & Gould
45,boutcurt,Poaceae,Bouteloua,curtipendula,,,Bouteloua curtipendula,(Michx.) Torr.,
46,bouthirs,Poaceae,Bouteloua,hirsuta,,,Bouteloua hirsuta,Lag.,
47,briceupa,Asteraceae,Brickellia,eupatorioides,,,Brickellia eupatorioides,(L.) Shinners,
48,bromjapo,Poaceae,Bromus,arvensis,,,Bromus arvensis,L.,
49,buchdact,Poaceae,Bouteloua,dactyloides,,,Bouteloua dactyloides,(Nutt.) J.T. Columbus,
50,buchamer,Scrophulariaceae,Buchnera,americana,,,Buchnera americana,L.,
51,callalca,Malvaceae,Callirhoe,alcaeoides,,,Callirhoe alcaeoides,(Michx.) A. Gray,
52,calyserr,Onagraceae,Calylophus,serrulatus,,,Calylophus serrulatus,(Nutt.) P.H. Raven,
53,careamph,Cyperaceae,Carex,amphibola,,,Carex amphibola,Steud.,
54,careanne,Cyperaceae,Carex,annectens,,,Carex annectens,(E.P. Bicknell) E.P. Bicknell,
55,carebush,Cyperaceae,Carex,bushii,,,Carex bushii,Mack.,
56,careceph,Cyperaceae,Carex,cephalophora,,,Carex cephalophora,Muhl. ex Willd.,
57,carefest,Cyperaceae,Carex,festucacea,,,Carex festucacea,Schkuhr ex Willd.,
58,carefran,Cyperaceae,Carex,frankii,,,Carex frankii,Kunth,
59,caregrav,Cyperaceae,Carex,gravida,,,Carex gravida,L.H. Bailey,
60,caremicr,Cyperaceae,Carex,microdonta,,,Carex microdonta,Torr. & Hook.,
61,celtocci,Ulmaceae,Celtis,occidentalis,,,Celtis occidentalis,L.,
62,cerafont,Caryophyllaceae,Cerastium,fontanum,,,Cerastium fontanum,Baumg.,
63,cerccana,Fabaceae,Cercis,canadensis,,,Cercis canadensis,L.,
64,chaetain,Apiaceae,Chaerophyllum,tainturieri,,,Chaerophyllum tainturieri,Hook.,
65,chaeaste,Asteraceae,Chaetopappa,asteroides,,,Chaetopappa asteroides,Nutt. ex DC.,
66,chamfasc,Fabaceae,Chamaecrista,fasciculata,,,Chamaecrista fasciculata,(Michx.) Greene,
67,chammacu,Euphorbiaceae,Chamaesyce,maculata,,,Chamaesyce maculata,(L.) Small,
68,chamnuta,Euphorbiaceae,Chamaesyce,nutans,,,Chamaesyce nutans,(Lag.) Small,
69,chlovert,Poaceae,Chloris,verticillata,,,Chloris verticillata,Nutt.,
70,chrypilo,Asteraceae,Chrysopsis,pilosa,,,Chrysopsis pilosa,Nutt.,
71,cirsalti,Asteraceae,Cirsium,altissimum,,,Cirsium altissimum,(L.) Hill,
72,cirsundu,Asteraceae,Cirsium,undulatum,,,Cirsium undulatum,(Nutt.) Spreng.,
73,cirsvulg,Asteraceae,Cirsium,vulgare,,,Cirsium vulgare,(Savi) Ten.,
74,coelcyli,Poaceae,Coelorachis,cylindrica,,,Coelorachis cylindrica,(Michx.) Nash,
75,conycana,Asteraceae,Conyza,canadensis,,,Conyza canadensis,(L.) Cronquist,
76,coregran,Asteraceae,Coreopsis,grandiflora,,,Coreopsis grandiflora,Hogg ex Sweet,
77,coretinc,Asteraceae,Coreopsis,tinctoria,,,Coreopsis tinctoria,Nutt.,
78,cratcrus,Rosaceae,Crataegus,crus-galli,,,Crataegus crus-galli,L.,
79,crotsagi,Fabaceae,Crotalaria,sagittalis,,,Crotalaria sagittalis,L.,
80,crotcapi,Euphorbiaceae,Croton,capitatus,,,Croton capitatus,Michx.,
81,crotglan,Euphorbiaceae,Croton,glandulosus,,,Croton glandulosus,L.,
82,crotmona,Euphorbiaceae,Croton,monanthogynus,,,Croton monanthogynus,Michx.,
83,crotwill,Euphorbiaceae,Croton,willdenowii,,,Croton willdenowii,G.L. Webster,
84,cuscpent,Cuscutaceae,Cuscuta,pentagona,,,Cuscuta pentagona,Engelm.,
85,cynodact,Poaceae,Cynodon,dactylon,,,Cynodon dactylon,(L.) Pers.,
86,cypeacum,Cyperaceae,Cyperus,acuminatus,,,Cyperus acuminatus,Torr. & Hook. ex Torr.,
87,cypeechi,Cyperaceae,Cyperus,echinatus,,,Cyperus echinatus,(L.) Alph. Wood,
88,cypelupu,Cyperaceae,Cyperus,lupulinus,,,Cyperus lupulinus,(Spreng.) Marcks,
89,cypepseu,Cyperaceae,Cyperus,pseudovegetus,,,Cyperus pseudovegetus,Steud.,
90,cypeseti,Cyperaceae,Cyperus,setigerus,,,Cyperus setigerus,Torr. & Hook.,
91,cypesqua,Cyperaceae,Cyperus,squarrosus,,,Cyperus squarrosus,L.,
92,cypestri,Cyperaceae,Cyperus,strigosus,,,Cyperus strigosus,L.,
93,dalecand,Fabaceae,Dalea,candida,,,Dalea candida,Michx. ex Willd.,
94,dalemult,Fabaceae,Dalea,multiflora,,,Dalea multiflora,(Nutt.) Shinners,
95,dalepurp,Fabaceae,Dalea,purpurea,,,Dalea purpurea,Vent.,
96,daucpusi,Apiaceae,Daucus,pusillus,,,Daucus pusillus,Michx.,
97,delpcaro,Ranunculaceae,Delphinium,carolinianum,,,Delphinium carolinianum,Walter,
98,desmilli,Fabaceae,Desmanthus,illinoensis,,,Desmanthus illinoensis,(Michx.) MacMill. ex B.L. Rob. & Fernald,
99,desmlept,Fabaceae,Desmanthus,leptolobus,,,Desmanthus leptolobus,Torr. & A. Gray,
100,desmcili,Fabaceae,Desmodium,ciliare,,,Desmodium ciliare,(Muhl. ex Willd.) DC.,
101,desmills,Fabaceae,Desmodium,illinoense,,,Desmodium illinoense,A. Gray,
102,desmmari,Fabaceae,Desmodium,marilandicum,,,Desmodium marilandicum,(L.) DC.,
103,desmpani,Fabaceae,Desmodium,paniculatum,,,Desmodium paniculatum,(L.) DC.,
104,desmsess,Fabaceae,Desmodium,sessilifolium,,,Desmodium sessilifolium,(Torr.) Torr. & A. Gray,
105,dichacum,Poaceae,Dichanthelium,acuminatum,,,Dichanthelium acuminatum,(Sw.) Gould & C.A. Clark,
106,dicholig,Poaceae,Dichanthelium,oligosanthes,,,Dichanthelium oligosanthes,(Schult.) Gould,
107,dichspha,Poaceae,Dichanthelium,sphaerocarpon,,,Dichanthelium sphaerocarpon,(Elliot) Gould,
108,digicogn,Poaceae,Digitaria,cognata,,,Digitaria cognata,(Schult.) Pilg.,
109,digisang,Poaceae,Digitaria,sanguinalis,,,Digitaria sanguinalis,(L.) Scop.,
110,diodtere,Rubiaceae,Diodia,teres,,,Diodia teres,Walter,
111,drabbrac,Brassicaceae,Draba,brachycarpa,,,Draba brachycarpa,Nutt. ex Torr. & A. Gray,
112,drabcune,Brassicaceae,Draba,cuneifolia,,,Draba cuneifolia,Nutt. ex Torr. & A. Gray,
113,dracampl,Asteraceae,Dracopis,amplexicaulis,,,Dracopis amplexicaulis,(Vahl) Cass.,
114,echipall,Asteraceae,Echinacea,pallida,,,Echinacea pallida,(Nutt.) Nutt.,
115,eleomont,Cyperaceae,Eleocharis,montevidensis,,,Eleocharis montevidensis,Kunth,
116,elymcana,Poaceae,Elymus,canadensis,,,Elymus canadensis,L.,
117,elymvirg,Poaceae,Elymus,virginicus,,,Elymus virginicus,L.,
118,eragspec,Poaceae,Eragrostis,spectabilis,,,Eragrostis spectabilis,(Pursh) Steud.,
119,erechier,Asteraceae,Erechtites,hieraciifolia,,,Erechtites hieraciifolia,(L.) Raf. ex DC.,
120,erigphil,Asteraceae,Erigeron,philadelphicus,,,Erigeron philadelphicus,L.,
121,erigstri,Asteraceae,Erigeron,strigosus,,,Erigeron strigosus,Muhl. ex Willd.,
122,erynleav,Apiaceae,Eryngium,leavenworthii,,,Eryngium leavenworthii,Torr. & A. Gray,
123,eupaalti,Asteraceae,Eupatorium,altissimum,,,Eupatorium altissimum,L.,
124,euphcoro,Euphorbiaceae,Euphorbia,corollata,,,Euphorbia corollata,L.,
125,euphdent,Euphorbiaceae,Euphorbia,dentata,,,Euphorbia dentata,auct. non Michx.,
126,euphmarg,Euphorbiaceae,Euphorbia,marginata,,,Euphorbia marginata,Pursh,
127,euphspat,Euphorbiaceae,Euphorbia,spathulata,,,Euphorbia spathulata,Lam.,
128,euphtetr,Euphorbiaceae,Euphorbia,tetrapora,,,Euphorbia tetrapora,Engelm.,
129,euthgymn,Asteraceae,Euthamia,gymnospermoides,,,Euthamia gymnospermoides,Greene,
130,festprat,Poaceae,Schedonorus,phoenix,,,Schedonorus phoenix,(Scop.) Holub,
131,fimbpube,Cyperaceae,Fimbristylis,puberula,puberula,,Fimbristylis puberula var. puberula,(Michx.) Vahl,(Michx.) Vahl
132,fragvirg,Rosaceae,Fragaria,virginiana,,,Fragaria virginiana,Duchesne,
133,galaregu,Fabaceae,Galactia,regularis,,,Galactia regularis,"(L.) Britton, Sterns & Poggenb.",
134,galiapar,Rubiaceae,Galium,aparine,,,Galium aparine,L.,
135,galivirg,Rubiaceae,Galium,virgatum,,,Galium virgatum,Nutt.,
136,gamopurp,Asteraceae,Gamochaeta,purpurea,,,Gamochaeta purpurea,(L.) Cabrera,
137,unkngaur,Onagraceae,Gaura,sp.,,,Gaura sp.,,
138,geracaro,Geraniaceae,Geranium,carolinianum,,,Geranium carolinianum,L.,
139,geumcana,Rosaceae,Geum,canadense,,,Geum canadense,Jacq.,
140,glancana,Verbenaceae,Glandularia,canadensis,,,Glandularia canadensis,(L.) Nutt.,
141,gnapobtu,Asteraceae,Pseudognaphalium,obtusifolium,,,Pseudognaphalium obtusifolium,(L.) Hilliard & B.L. Burtt,
142,grinlanc,Asteraceae,Grindelia,lanceolata,,,Grindelia lanceolata,Nutt.,
143,grinsqua,Asteraceae,Grindelia,squarrosa,,,Grindelia squarrosa,(Pursh) Dunal,
144,gymndioi,Fabaceae,Gymnocladus,dioicus,,,Gymnocladus dioicus,(L.) K. Koch,
145,hackvirg,Boraginaceae,Hackelia,virginiana,,,Hackelia virginiana,(L.) I.M. Johnst.,
146,hedehisp,Lamiaceae,Hedeoma,hispida,,,Hedeoma hispida,Pursh,
147,heleamar,Asteraceae,Helenium,amarum,,,Helenium amarum,(Raf.) H. Rock,
148,helihirs,Asteraceae,Helianthus,hirsutus,,,Helianthus hirsutus,Raf.,
149,helimaxi,Asteraceae,Helianthus,maximiliani,,,Helianthus maximiliani,Schrad.,
150,helimoll,Asteraceae,Helianthus,mollis,,,Helianthus mollis,Lam.,
151,hierlong,Asteraceae,Hieracium,longipilum,,,Hieracium longipilum,Torr.,
152,hordpusi,Poaceae,Hordeum,pusillum,,,Hordeum pusillum,Nutt.,
153,houspusi,Rubiaceae,Houstonia,pusilla,,,Houstonia pusilla,Schoepf,
154,hypedrum,Clusiaceae,Hypericum,drummondii,,,Hypericum drummondii,(Grev. & Hook.) Torr. & A. Gray,
155,hypeperf,Clusiaceae,Hypericum,perforatum,,,Hypericum perforatum,L.,
156,hypepunc,Clusiaceae,Hypericum,punctatum,,,Hypericum punctatum,Lam.,
157,hypohirs,Liliaceae,Hypoxis,hirsuta,,,Hypoxis hirsuta,(L.) Coville,
158,isolcari,Cyperaceae,Isolepis,carinata,,,Isolepis carinata,Hook. & Arn. ex Torr.,
159,ivaannua,Asteraceae,Iva,annua,,,Iva annua,L.,
160,juncbrac,Juncaceae,Juncus,brachycarpus,,,Juncus brachycarpus,Engelm.,
161,juncdiff,Juncaceae,Juncus,diffusissimus,,,Juncus diffusissimus,Buckley,
162,juncinte,Juncaceae,Juncus,interior,,,Juncus interior,Wiegand,
163,juncmarg,Juncaceae,Juncus,marginatus,,,Juncus marginatus,Rostk.,
164,junctenu,Juncaceae,Juncus,tenuis,,,Juncus tenuis,Willd.,
165,junctorr,Juncaceae,Juncus,torreyi,,,Juncus torreyi,Coville,
166,junivirg,Cupressaceae,Juniperus,virginiana,,,Juniperus virginiana,L.,
167,koelmacr,Poaceae,Koeleria,macrantha,,,Koeleria macrantha,(Ledeb.) Schult.,
168,krigcesp,Asteraceae,Krigia,caespitosa,,,Krigia caespitosa,(Raf.) K.L. Chambers,
169,kummstip,Fabaceae,Kummerowia,stipulacea,,,Kummerowia stipulacea,(Maxim.) Makino,
170,kummstri,Fabaceae,Kummerowia,striata,,,Kummerowia striata,(Thunb.) Schindl.,
171,lactserr,Asteraceae,Lactuca,serriola,,,Lactuca serriola,L.,
172,lepivirg,Brassicaceae,Lepidium,virginicum,,,Lepidium virginicum,L.,
173,lespcapi,Fabaceae,Lespedeza,capitata,,,Lespedeza capitata,Michx.,
174,lespcune,Fabaceae,Lespedeza,cuneata,,,Lespedeza cuneata,(Dum. Cours.) G. Don,
175,lespproc,Fabaceae,Lespedeza,procumbens,,,Lespedeza procumbens,Michx.,
176,lespviol,Fabaceae,Lespedeza,violacea,,,Lespedeza violacea,auct. non (L.) Pers.,
177,lespvirg,Fabaceae,Lespedeza,virginica,,,Lespedeza virginica,(L.) Britton,
178,liataspe,Asteraceae,Liatris,aspera,,,Liatris aspera,Michx.,
179,linusulc,Linaceae,Linum,sulcatum,,,Linum sulcatum,Riddell,
180,lithinci,Boraginaceae,Lithospermum,incisum,,,Lithospermum incisum,Lehm.,
181,lomafoen,Apiaceae,Lomatium,foeniculaceum,,,Lomatium foeniculaceum,(Nutt.) J.M. Coult. & Rose,
182,lotuunif,Fabaceae,Lotus,unifoliolatus,,,Lotus unifoliolatus,(Hook.) Benth.,
183,ludwsp,Onagraceae,Ludwigia,sp.,,,Ludwigia sp.,,
184,lycoamer,Lamiaceae,Lycopus,americanus,,,Lycopus americanus,Muhl. ex W. Bartram,
185,lythalat,Lythraceae,Lythrum,alatum,,,Lythrum alatum,Pursh,
186,malvhisp,Malvaceae,Malvastrum,hispidum,,,Malvastrum hispidum,(Pursh) Hochr.,
187,medilupu,Fabaceae,Medicago,lupulina,,,Medicago lupulina,L.,
188,melioffi,Fabaceae,Melilotus,officinalis,,,Melilotus officinalis,(L.) Lam.,
189,mimoquad,Fabaceae,Mimosa,nuttallii,,,Mimosa nuttallii,(DC. ex Britton & Rose) B.L. Turner,
190,minupatu,Caryophyllaceae,Minuartia,patula,,,Minuartia patula,(Michx.) Mattf.,
191,miraalbi,Nyctaginaceae,Mirabilis,albida,,,Mirabilis albida,(Walter) Heimerl,
192,monacitr,Lamiaceae,Monarda,citriodora,,,Monarda citriodora,Cerv. ex Lag.,
193,monafist,Lamiaceae,Monarda,fistulosa,,,Monarda fistulosa,"Sims, nom. inq.",
194,muhlschr,Poaceae,Muhlenbergia,schreberi,,,Muhlenbergia schreberi,J.F. Gmel.,
195,myosvern,Boraginaceae,Myosotis,verna,,,Myosotis verna,Nutt.,
196,nemagemi,Iridaceae,Nemastylis,geminiflora,,,Nemastylis geminiflora,Nutt.,
197,nothbiva,Liliaceae,Nothoscordum,bivalve,,,Nothoscordum bivalve,(L.) Britton,
198,nuttcana,Scrophulariaceae,Nuttallanthus,canadensis,,,Nuttallanthus canadensis,(L.) D.A. Sutton,
199,oenolaci,Onagraceae,Oenothera,laciniata,,,Oenothera laciniata,Hill,
200,oenolini,Onagraceae,Oenothera,linifolia,,,Oenothera linifolia,Nutt.,
201,oenospec,Onagraceae,Oenothera,speciosa,,,Oenothera speciosa,Nutt.,
202,onosmoll,Boraginaceae,Onosmodium,bejariense,,,Onosmodium bejariense,DC. ex A. DC.,
203,ophienge,Ophioglossaceae,Ophioglossum,engelmannii,,,Ophioglossum engelmannii,Prantl,
204,opunmacr,Cactaceae,Opuntia,macrorhiza,,,Opuntia macrorhiza,Engelm.,
205,oxaldill,Oxalidaceae,Oxalis,dillenii,,,Oxalis dillenii,Jacq.,
206,oxalviol,Oxalidaceae,Oxalis,violacea,,,Oxalis violacea,L.,
207,paniance,Poaceae,Panicum,anceps,,,Panicum anceps,Michx.,
208,panicapi,Poaceae,Panicum,capillare,,,Panicum capillare,L.,
209,panivirg,Poaceae,Panicum,virgatum,,,Panicum virgatum,L.,
210,paripens,Urticaceae,Parietaria,pensylvanica,,,Parietaria pensylvanica,Muhl. ex Willd.,
211,pasppubi,Poaceae,Paspalum,pubiflorum,,,Paspalum pubiflorum,Rupr. ex Fourn.,
212,paspseta,Poaceae,Paspalum,setaceum,,,Paspalum setaceum,Michx.,
213,pediescu,Fabaceae,Pediomelum,esculentum,,,Pediomelum esculentum,(Pursh) Rydb.,
214,penstubi,Scrophulariaceae,Penstemon,tubiflorus,,,Penstemon tubiflorus,Nutt.,
215,periamer,Apiaceae,Perideridia,americana,,,Perideridia americana,(Nutt. ex DC.) Rchb.,
216,phalcaro,Poaceae,Phalaris,caroliniana,,,Phalaris caroliniana,Walter,
217,physangu,Solanaceae,Physalis,angulata,,,Physalis angulata,L.,
218,physpumi,Solanaceae,Physalis,pumila,,,Physalis pumila,Nutt.,
219,physvirg,Solanaceae,Physalis,virginiana,,,Physalis virginiana,Mill.,
220,planaris,Plantaginaceae,Plantago,aristata,,,Plantago aristata,Michx.,
221,planpata,Plantaginaceae,Plantago,patagonica,,,Plantago patagonica,Jacq.,
222,planvirg,Plantaginaceae,Plantago,virginica,,,Plantago virginica,L.,
223,poaannua,Poaceae,Poa,annua,,,Poa annua,L.,
224,poaprate,Poaceae,Poa,pratensis,,,Poa pratensis,L.,
225,polyinca,Polygalaceae,Polygala,incarnata,,,Polygala incarnata,L.,
226,polyvert,Polygalaceae,Polygala,verticillata,,,Polygala verticillata,L.,
227,polyaren,Polygonaceae,Polygonum,arenastrum,,,Polygonum arenastrum,Jord. ex Boreau,
228,polyavic,Polygonaceae,Polygonum,aviculare,,,Polygonum aviculare,L.,
229,polyconv,Polygonaceae,Polygonum,convolvulus,,,Polygonum convolvulus,L.,
230,polyhydr,Polygonaceae,Polygonum,hydropiperoides,,,Polygonum hydropiperoides,Michx.,
231,polynutt,Apiaceae,Polytaenia,nuttallii,,,Polytaenia nuttallii,DC.,
232,prenaspe,Asteraceae,Prenanthes,aspera,,,Prenanthes aspera,Michx.,
233,prunangu,Rosaceae,Prunus,angustifolia,,,Prunus angustifolia,Marsh.,
234,prunmexi,Rosaceae,Prunus,mexicana,,,Prunus mexicana,S. Watson,
235,psortenu,Fabaceae,Psoralidium,tenuiflorum,,,Psoralidium tenuiflorum,(Pursh) Rydb.,
236,pyrrcaro,Asteraceae,Pyrrhopappus,carolinianus,,,Pyrrhopappus carolinianus,(Walter) DC.,
237,pyrrgran,Asteraceae,Pyrrhopappus,grandiflorus,,,Pyrrhopappus grandiflorus,(Nutt.) Nutt.,
238,ranuhisp,Ranunculaceae,Ranunculus,hispidus,,,Ranunculus hispidus,Michx.,
239,raticolu,Asteraceae,Ratibida,columnifera,,,Ratibida columnifera,(Nutt.) Woot. & Standl.,
240,rhuscopa,Anacardiaceae,Rhus,copallinum,,,Rhus copallinum,L.,
241,rhynharv,Cyperaceae,Rhynchospora,harveyi,,,Rhynchospora harveyi,W. Boott,
242,rosacaro,Rosaceae,Rosa,carolina,,,Rosa carolina,L.,
243,rubuflag,Rosaceae,Rubus,flagellaris,,,Rubus flagellaris,Willd.,
244,rubuostr,Rosaceae,Rubus,ostryifolius,,,Rubus ostryifolius,Rydb.,
245,rudbhirt,Asteraceae,Rudbeckia,hirta,,,Rudbeckia hirta,L.,
246,ruelhumi,Acanthaceae,Ruellia,humilis,,,Ruellia humilis,Nutt.,
247,rumecris,Polygonaceae,Rumex,crispus,,,Rumex crispus,L.,
248,rumehast,Polygonaceae,Rumex,hastatulus,,,Rumex hastatulus,Baldw.,
249,sabacamp,Gentianaceae,Sabatia,campestris,,,Sabatia campestris,Nutt.,
250,salvazur,Lamiaceae,Salvia,azurea,grandiflora,,Salvia azurea var. grandiflora,Michx. ex Lam.,Benth.
251,saniodor,Apiaceae,Sanicula,odorata,,,Sanicula odorata,(Raf.) K.M. Pryer & L.R. Phillippe,
252,schepani,Poaceae,Schedonnardus,paniculatus,,,Schedonnardus paniculatus,(Nutt.) Trel.,
253,schiscop,Poaceae,Schizachyrium,scoparium,,,Schizachyrium scoparium,(Michx.) Nash,
254,scirpend,Cyperaceae,Scirpus,pendulus,,,Scirpus pendulus,Muhl.,
255,sclepauc,Cyperaceae,Scleria,pauciflora,,,Scleria pauciflora,Muhl. ex Willd.,
256,scutparv,Lamiaceae,Scutellaria,parvula,,,Scutellaria parvula,Michx.,
257,seneplat,Asteraceae,Packera,plattensis,,,Packera plattensis,(Nutt.) W.A. Weber & A. Löve,
258,setaparv,Poaceae,Setaria,parviflora,,,Setaria parviflora,(Poir.) Kerguélen,
259,setaviri,Poaceae,Setaria,viridis,,,Setaria viridis,(L.) P. Beauv.,
260,sibavirg,Brassicaceae,Sibara,virginica,,,Sibara virginica,(L.) Rollins,
261,sileanti,Caryophyllaceae,Silene,antirrhina,,,Silene antirrhina,L.,
262,silestel,Caryophyllaceae,Silene,stellata,,,Silene stellata,(L.) W.T. Aiton,
263,sisycamp,Iridaceae,Sisyrinchium,campestre,,,Sisyrinchium campestre,E.P. Bicknell,
264,solacaro,Solanaceae,Solanum,carolinense,,,Solanum carolinense,L.,
265,solarost,Solanaceae,Solanum,rostratum,,,Solanum rostratum,Dunal,
266,solicana,Asteraceae,Solidago,canadensis,,,Solidago canadensis,L.,
267,solinemo,Asteraceae,Solidago,nemoralis,,,Solidago nemoralis,Aiton,
268,solirigi,Asteraceae,Oligoneuron,rigidum,,,Oligoneuron rigidum,(L.) Small,
269,soncaspe,Asteraceae,Sonchus,asper,,,Sonchus asper,(L.) Hill,
270,sorgnuta,Poaceae,Sorghastrum,nutans,,,Sorghastrum nutans,(L.) Nash,
271,sperdiva,Apiaceae,Spermolepis,divaricata,,,Spermolepis divaricata,(Walter) Raf. ex Ser.,
272,speriner,Apiaceae,Spermolepis,inermis,,,Spermolepis inermis,(Nutt. ex DC.) Mathias & Constance,
273,spheobtu,Poaceae,Sphenopholis,obtusata,,,Sphenopholis obtusata,(Michx.) Scribn.,
274,unknspir,Orchidaceae,Spiranthes,sp.,,,Spiranthes sp.,,
275,sporcomp,Poaceae,Sporobolus,compositus,,,Sporobolus compositus,(Poir.) Merr.,
276,sporvagi,Poaceae,Sporobolus,vaginiflorus,,,Sporobolus vaginiflorus,(Torr. ex A. Gray) Alph. Wood,
277,stroleio,Fabaceae,Strophostyles,leiosperma,,,Strophostyles leiosperma,(Torr. & A. Gray) Piper,
278,stylbifl,Fabaceae,Stylosanthes,biflora,,,Stylosanthes biflora,"(L.) Britton, Sterns & Poggenb.",
279,symporbi,Caprifoliaceae,Symphoricarpos,orbiculatus,,,Symphoricarpos orbiculatus,Moench,
280,taraoffi,Asteraceae,Taraxacum,officinale,,,Taraxacum officinale,F.H. Wigg.,
281,teuccana,Lamiaceae,Teucrium,canadense,,,Teucrium canadense,L.,
282,toriarve,Apiaceae,Torilis,arvensis,,,Torilis arvensis,(Huds.) Link,
283,toxiradi,Anacardiaceae,Toxicodendron,radicans,,,Toxicodendron radicans,(L.) Kuntze,
284,tradohie,Commelinaceae,Tradescantia,ohiensis,,,Tradescantia ohiensis,Raf.,
285,tragbeto,Euphorbiaceae,Tragia,betonicifolia,,,Tragia betonicifolia,Nutt.,
286,tridflav,Poaceae,Tridens,flavus,,,Tridens flavus,(L.) Hitchc.,
287,trifcamp,Fabaceae,Trifolium,campestre,,,Trifolium campestre,Schreb.,
288,trifrepe,Fabaceae,Trifolium,repens,,,Trifolium repens,L.,
289,triolept,Campanulaceae,Triodanis,leptocarpa,,,Triodanis leptocarpa,(Nutt.) Nieuwl.,
290,trioperf,Campanulaceae,Triodanis,perfoliata,,,Triodanis perfoliata,(L.) Nieuwl.,
291,tripdact,Poaceae,Tripsacum,dactyloides,,,Tripsacum dactyloides,(L.) L.,
292,ulmurubr,Ulmaceae,Ulmus,rubra,,,Ulmus rubra,Muhl.,
293,unast309,Asteraceae,Aster,sp1,,,Aster sp1,,
294,unari205,Poaceae,Aristida,sp.,,,Aristida sp.,,
295,unsol309,Asteraceae,Solidago,sp.,,,Solidago sp.,,
296,unheu206,Eurphorbiaceae,Euphorbia,sp.,,,Euphorbia sp.,,
297,unhel244,Asteraceae,Helianthus,sp.,,,Helianthus sp.,,
298,unjun254,Juncaceae,Juncus,sp.,,,Juncus sp.,,
299,unlgr222,Poaceae,Unknown,sp1,,,Unknown sp1,,
300,unnla206,Asteraceae,Aster,sp2,,,Aster sp2,,
301,unopd307,NA,Unknown,sp2,,,Unknown sp2,,
302,unsmf317,NA,Unknown,sp3,,,Unknown sp3,,
303,un3vb350,NA,Unknown,sp4,,,Unknown sp4,,
304,valeradi,Valerianaceae,Valerianella,radiata,,,Valerianella radiata,(L.) Dufr.,
305,verbthap,Scrophulariaceae,Verbascum,thapsus,,,Verbascum thapsus,L.,
306,verbbrac,Verbenaceae,Verbena,bracteata,,,Verbena bracteata,Cav. ex Lag. & Rodr.,
307,verbcane,Verbenaceae,Verbena,canescens,,,Verbena canescens,Kunth,
308,verbsimp,Verbenaceae,Verbena,simplex,,,Verbena simplex,Lehm.,
309,verbstri,Verbenaceae,Verbena,stricta,,,Verbena stricta,Vent.,
310,verburti,Verbenaceae,Verbena,urticifolia,,,Verbena urticifolia,L.,
311,vernarka,Asteraceae,Vernonia,arkansana,,,Vernonia arkansana,DC.,
312,vernbald,Asteraceae,Vernonia,baldwinii,,,Vernonia baldwinii,Torr.,
313,veroarve,Scrophulariaceae,Veronica,arvensis,,,Veronica arvensis,L.,
314,veropere,Scrophulariaceae,Veronica,peregrina,,,Veronica peregrina,L.,
315,violbico,Violaceae,Viola,bicolor,,,Viola bicolor,Pursh,
316,violpeda,Violaceae,Viola,pedata,,,Viola pedata,L.,
317,violsoro,Violaceae,Viola,sororia,,,Viola sororia,Willd.,
318,vulpocto,Poaceae,Vulpia,octoflora,,,Vulpia octoflora,(Walter) Rydb.,
319,woodobtu,Dryopteridaceae,Woodsia,obtusa,obtusa,,Woodsia obtusa var. obtusa,(Spreng.) Torr.,
320,xantstru,Asteraceae,Xanthium,strumarium,,,Xanthium strumarium,L.,
